Precio,Talla,Valor,Modelo,Link,Fecha_publicacion,Tienda,Marca,Descuento_%,Tiene_44.5/45,Vendedor,SKU,Imagen,Disponible,Fecha_actualizacion,Precio_min_historico,Fecha_min_historico,Precio_anterior,Variacion_$,Es_minimo_historico,Dias_seguimiento,Modelo_clave
116990,"39.5, 40, 40.5, 42.5, 45",76990,Zapatillas Air Max Fire Negro Hombre,https://www.falabella.com/falabella-cl/product/156011948/zapatillas-nike-air-max-fire-negro-hombre,2026-08-27,Falabella,NIKE,34,Si,Tienda Oficial Nike,156011948,https://media.falabella.com/falabellaCL/156011951_01/public,Si,2026-10-05T20:17:50,76990,2026-10-05,116990,-40000,Si,39,nike|air fire max
59990,"39, 39.5, 40, 40.5, 41, 41.5, 42, 42.5, 43, 43.5, 44, 44.5",26990,Zapatilla Running Hombre Galaxy Star 2.0 U,https://www.falabella.com/falabella-cl/product/143767564/Zapatillas-GALAXY-STAR-2.0-U,2026-10-05,Falabella,ADIDAS,55,Si,Adidas,143767564,https://media.falabella.com/falabellaCL/143812289_01/public,Si,2026-10-05T20:17:50,26990,2026-10-05,,,No,0,adidas|2.0 galaxy star
29990,"39, 39.5, 40, 40.5, 41, 41.5, 42, 42.5, 43, 43.5, 44, 44.5",29990,Duramo Rc2 Nsz96 Zapatillas Running Hombre -,https://www.falabella.com/falabella-cl/product/143775246/Zapatillas-de-running-Duramo-RC2,2026-09-14,Falabella,ADIDAS,,Si,Adidas,143775246,https://media.falabella.com/falabellaCL/144438404_01/public,Si,2026-10-05T20:17:50,22990,2026-09-14,22990,7000,No,21,adidas|duramo nsz96 rc2
59990,"39.5, 40, 40.5, 41, 41.5, 42, 42.5, 43, 43.5",26990,Zapatilla Running Hombre Runfalcon 5,https://www.falabella.com/falabella-cl/product/152597914/zapatillas-running-runfalcon-hombre,2026-07-31,Falabella,ADIDAS,55,No,Adidas,152597914,https://media.falabella.com/falabellaCL/152597915_01/public,Si,2026-10-05T20:17:50,26990,2026-10-05,35990,-9000,Si,66,adidas|5 runfalcon
59990,"38.5, 39, 39.5, 40, 40.5, 41, 41.5, 42, 42.5, 43, 43.5, 44, 47",26990,Zapatilla Running Hombre Runfalcon 5,https://www.falabella.com/falabella-cl/product/139479098/zapatillas-de-running-runfalcon-5,2026-09-24,Falabella,ADIDAS,55,No,Adidas,139479098,https://media.falabella.com/falabellaCL/140494617_01/public,Si,2026-10-05T20:17:50,26990,2026-10-05,35990,-9000,Si,11,adidas|5 runfalcon
59990,"8.5 US, 39, 39.5, 41, 41.5, 42, 42.5, 44",26990,Zapatilla Urbana Unisex adulto Daily 4.0,https://www.falabella.com/falabella-cl/product/137537120/Zapatillas-Daily-4.0,2026-07-04,Falabella,ADIDAS,55,No,Adidas,137537120,https://media.falabella.com/falabellaCL/137934643_01/public,Si,2026-10-05T20:17:50,26990,2026-10-05,35990,-9000,Si,93,adidas|4.0 adulto daily
59990,s/info,27990,X_PLRPATH Zapatilla Urbana Hombre Azul,https://www.falabella.com/falabella-cl/product/80478871/X_PLR-Path-Zapatilla-Urbana-Hombre-Negro-Adidas,2026-09-01,Falabella,ADIDAS,53,No,Falabella,80478871,https://media.falabella.com/falabellaCL/80478901_1/public,Si,2026-10-05T20:17:50,27990,2026-10-05,41990,-14000,Si,34,adidas|plrpath
59990,s/info,27990,X_PLRPATH Zapatilla Urbana Hombre Azul,https://www.falabella.com/falabella-cl/product/80483623/xplrpath-zapatilla-urbana-hombre-gris-adidas,2026-07-22,Falabella,ADIDAS,53,No,Falabella,80483623,https://media.falabella.com/falabellaCL/80483656_1/public,Si,2026-10-05T20:17:50,27990,2026-10-05,41990,-14000,Si,75,adidas|plrpath
59990,s/info,27990,Runfalcon 5 Zapatilla Indoor Hombre Gris,https://www.falabella.com/falabella-cl/product/80760640/runfalcon-5-zapatilla-indoor-hombre-gris-adidas,2026-09-21,Falabella,ADIDAS,53,No,Falabella,80760640,https://media.falabella.com/falabellaCL/80761059_1/public,Si,2026-10-05T20:17:50,27990,2026-10-05,41990,-14000,Si,14,adidas|5 indoor runfalcon
59990,s/info,27990,X_PLR Path Zapatilla Urbana Hombre Negro,https://www.falabella.com/falabella-cl/product/50348477/X_PLR-Path-Zapatilla-Urbana-Hombre-Negro-Adidas,2026-09-16,Falabella,ADIDAS,53,No,Falabella,50348477,https://media.falabella.com/falabellaCL/50348483_1/public,Si,2026-10-05T20:17:50,27990,2026-10-05,41990,-14000,Si,19,adidas|path plr
59990,s/info,27990,Runfalcon 5 Zapatilla Indoor Hombre Negro,https://www.falabella.com/falabella-cl/product/80760606/runfalcon-5-zapatilla-indoor-hombre-negro-adidas,2026-09-21,Falabella,ADIDAS,53,No,Falabella,80760606,https://media.falabella.com/falabellaCL/80760726_1/public,Si,2026-10-05T20:17:50,27990,2026-10-05,41990,-14000,Si,14,adidas|5 indoor runfalcon
74990,s/info,36990,Court Vision LO V2 Zapatilla Urbana Hombre Blanco,https://www.falabella.com/falabella-cl/product/80739855/court-vision-lo-v2-zapatilla-urbana-hombre-blanco-nike,2026-08-03,Falabella,NIKE,51,No,Falabella,80739855,https://media.falabella.com/falabellaCL/80740056_1/public,Si,2026-10-05T20:17:50,36990,2026-10-05,51990,-15000,Si,63,nike|court lo v2 vision
84990,s/info,41990,GC Alpha SK8 Zapatilla Urbana Hombre Cuero Beige,https://www.falabella.com/falabella-cl/product/80659321/gc-alpha-sk8-zapatilla-urbana-hombre-cuero-beige-adidas,2026-07-02,Falabella,ADIDAS,51,No,Falabella,80659321,https://media.falabella.com/falabellaCL/80659549_1/public,Si,2026-10-05T20:17:50,41990,2026-07-30,58990,-17000,Si,95,adidas|alpha cuero gc sk8
84990,s/info,41990,Air Max Nuaxis Zapatilla Urbana Hombre Negro,https://www.falabella.com/falabella-cl/product/80681070/air-max-nuaxis-zapatilla-urbana-hombre-negro-nike,2026-07-02,Falabella,NIKE,51,No,Falabella,80681070,https://media.falabella.com/falabellaCL/80681967_1/public,Si,2026-10-05T20:17:50,41990,2026-08-27,50990,-9000,Si,95,nike|air max nuaxis
84990,s/info,41990,GC Alpha SK8 Zapatilla Urbana Hombre Cuero Café,https://www.falabella.com/falabella-cl/product/80659355/gc-alpha-sk8-zapatilla-urbana-hombre-cuero-cafe-adidas,2026-08-01,Falabella,ADIDAS,51,No,Falabella,80659355,https://media.falabella.com/falabellaCL/80659831_1/public,Si,2026-10-05T20:17:50,41990,2026-08-01,58990,-17000,Si,65,adidas|alpha cuero gc sk8
74990,s/info,36990,Court Vision LO Zapatilla Urbana Hombre Azul,https://www.falabella.com/falabella-cl/product/80739838/court-vision-lo-zapatilla-urbana-hombre-azul-nike,2026-08-02,Falabella,NIKE,51,No,Falabella,80739838,https://media.falabella.com/falabellaCL/80739907_1/public,Si,2026-10-05T20:17:50,36990,2026-10-05,74990,-38000,Si,64,nike|court lo vision
96990,s/info,47990,Big Low Zapatilla Urbana Hombre Cuero Blanco,https://www.falabella.com/falabella-cl/product/80076977/big-low-zapatilla-urbana-hombre-cuero-blanco-nike,2026-07-02,Falabella,NIKE,51,No,Falabella,80076977,https://media.falabella.com/falabellaCL/80077902_1/public,Si,2026-10-05T20:17:50,47990,2026-07-02,57990,-10000,Si,95,nike|big cuero low
84990,s/info,41990,Gc Alpha Sk8 Zapatilla Urbana Hombre Cuero Beige,https://www.falabella.com/falabella-cl/product/80659341/gc-alpha-sk8-zapatilla-urbana-hombre-cuero-beige-adidas,2026-08-14,Falabella,ADIDAS,51,No,Falabella,80659341,https://media.falabella.com/falabellaCL/80659713_1/public,Si,2026-10-05T20:17:50,41990,2026-08-18,58990,-17000,Si,52,adidas|alpha cuero gc sk8
79990,s/info,39990,Court Vision Lo Fl Zapatilla Urbana Hombre Cuero Negro,https://www.falabella.com/falabella-cl/product/80680998/court-vision-lo-fl-zapatilla-urbana-hombre-cuero-negro-nike,2026-07-02,Falabella,NIKE,50,No,Falabella,80680998,https://media.falabella.com/falabellaCL/80681337_1/public,Si,2026-10-05T20:17:50,39990,2026-10-05,55990,-16000,Si,95,nike|court cuero fl lo vision
102990,s/info,50990,Court Vision Zapatilla Urbana Hombre Cuero Amarillo,https://www.falabella.com/falabella-cl/product/80051491/Court-Vision-Zapatilla-Urbana-Hombre-Amarillo-Nike,2026-09-26,Falabella,NIKE,50,No,Falabella,80051491,https://media.falabella.com/falabellaCL/80051667_1/public,Si,2026-10-05T20:17:50,50990,2026-10-05,71990,-21000,Si,9,nike|court cuero vision
89990,s/info,44990,Zapatillas Court Vision Mid Negro Hombre - Negro,https://www.falabella.com/falabella-cl/product/153693181/zapatillas-nike-court-vision-mid-negro-hombre-negro,2026-09-29,Falabella,NIKE,50,No,Tienda Oficial Nike,153693181,https://media.falabella.com/falabellaCL/153693186_01/public,Si,2026-10-05T20:17:50,44990,2026-10-05,89990,-45000,Si,6,nike|court mid vision
89990,s/info,44990,SL 72 Zapatilla Urbana Blanca Gamuza Mujer,https://www.falabella.com/falabella-cl/product/80504547/SL-72-Zapatilla-Urbana-Mujer-Blanco-Adidas-Originals,2026-08-04,Falabella,ADIDAS ORIGINALS,50,No,Falabella,80504547,https://media.falabella.com/falabellaCL/80504797_1/public,Si,2026-10-05T20:17:50,44990,2026-10-05,62990,-18000,Si,62,adidas originals|72 gamuza sl
59990,s/info,29990,Eclyptix 2000 Zapatilla Urbana Hombre Gris,https://www.falabella.com/falabella-cl/product/80760624/eclyptix-2000-zapatilla-urbana-hombre-gris-adidas,2026-09-21,Falabella,ADIDAS,50,No,Falabella,80760624,https://media.falabella.com/falabellaCL/80760903_1/public,Si,2026-10-05T20:17:50,29990,2026-10-05,41990,-12000,Si,14,adidas|2000 eclyptix
79990,s/info,44990,Precision 8 Low Zapatilla Básquetbol Hombre Negro,https://www.falabella.com/falabella-cl/product/80739846/precision-8-low-zapatilla-basquetbol-hombre-negro-nike,2026-09-28,Falabella,NIKE,44,No,Falabella,80739846,https://media.falabella.com/falabellaCL/80739976_1/public,Si,2026-10-05T20:17:50,44990,2026-10-05,55990,-11000,Si,7,nike|8 basquetbol low precision
102990,s/info,61990,Air Max Alpha Trainer 6 Zapatilla Cross Training Hombre Negro,https://www.falabella.com/falabella-cl/product/80009227/M-Air-Max-Alpha-Trainer-6-Zapatilla-Cross-Training-Hombre-Negro-Nike,2026-09-05,Falabella,NIKE,40,No,Falabella,80009227,https://media.falabella.com/falabellaCL/80008647_1/public,Si,2026-10-05T20:17:50,61990,2026-10-05,71990,-10000,Si,30,nike|6 air alpha cross max trainer
49990,s/info,29990,Terrex Tracefinder 2 Zapatilla Outdoor y Trekking Unisex Niños Beige,https://www.falabella.com/falabella-cl/product/80760611/terrex-tracefinder-2-zapatilla-training-y-gimnasio-unisex-ninos-beige-adidas,2026-09-06,Falabella,ADIDAS,40,No,Falabella,80760611,https://media.falabella.com/falabellaCL/80760769_1/public,Si,2026-10-05T20:17:50,29990,2026-10-05,34990,-5000,Si,29,adidas|2 outdoor terrex tracefinder trekking
69990,s/info,41990,Terrex Anylander R.Rdy Zapatilla Outdoor y Trekking Hombre Negro,https://www.falabella.com/falabella-cl/product/80850067/terrex-anylander-r-rdy-zapatilla-outdoor-y-trekking-hombre-negro-adidas,2026-10-01,Falabella,ADIDAS,40,No,Falabella,80850067,https://media.falabella.com/falabellaCL/80850126_1/public,Si,2026-10-05T20:17:50,41990,2026-10-05,48990,-7000,Si,4,adidas|anylander outdoor r.rdy terrex trekking
49990,s/info,29990,Response Runner 2 Zapatilla Running Hombre Negro,https://www.falabella.com/falabella-cl/product/80659309/Response-Runner-2-Zapatilla-Running-Hombre-Negro-Adidas,2026-07-24,Falabella,ADIDAS,40,No,Falabella,80659309,https://media.falabella.com/falabellaCL/80712653_1/public,Si,2026-10-05T20:17:50,29990,2026-10-05,34990,-5000,Si,73,adidas|2 response runner
69990,s/info,41990,Uplift Zapatilla Urbana Hombre Negro,https://www.falabella.com/falabella-cl/product/80138720/uplift-zapatilla-urbana-hombre-negro-nike,2026-07-31,Falabella,NIKE,40,No,Falabella,80138720,https://media.falabella.com/falabellaCL/80139167_1/public,Si,2026-10-05T20:17:50,41990,2026-08-01,48990,-7000,Si,66,nike|uplift
102990,s/info,61990,Air Max Alpha Trainer 6 Zapatilla Training Y Gimnasio Hombre Verde,https://www.falabella.com/falabella-cl/product/80739852/air-max-alpha-trainer-6-zapatilla-training-y-gimnasio-hombre-verde-nike,2026-07-10,Falabella,NIKE,40,No,Falabella,80739852,https://media.falabella.com/falabellaCL/80740032_1/public,Si,2026-10-05T20:17:50,61990,2026-08-01,71990,-10000,Si,87,nike|6 air alpha gimnasio max trainer
99990,s/info,59990,Air Max Invigor Zapatilla Urbana Hombre Blanco,https://www.falabella.com/falabella-cl/product/80789708/air-max-invigor-zapatilla-urbana-hombre-negro-nike,2026-10-01,Falabella,NIKE,40,No,Falabella,80789708,https://media.falabella.com/falabellaCL/80789816_1/public,Si,2026-10-05T20:17:50,59990,2026-10-05,69990,-10000,Si,4,nike|air invigor max
112990,s/info,67990,Lebron Witness IX Zapatilla Básquetbol Hombre Negro,https://www.falabella.com/falabella-cl/product/80680987/lebron-witness-ix-zapatilla-basquetbol-hombre-negro-nike,2026-09-28,Falabella,NIKE,40,No,Falabella,80680987,https://media.falabella.com/falabellaCL/80681248_1/public,Si,2026-10-05T20:17:50,67990,2026-10-05,78990,-11000,Si,7,nike|basquetbol ix lebron witness
54990,"38.5, 40.5, 41, 41.5, 42, 42.5, 43, 43.5, 44",32990,Zapatillas Ultimashow 2.0,https://www.falabella.com/falabella-cl/product/132169113/Zapatillas-Ultimashow-2.0,2026-07-17,Falabella,ADIDAS,40,No,Adidas,132169113,https://media.falabella.com/falabellaCL/132231521_01/public,Si,2026-10-05T20:17:50,32990,2026-07-17,54990,-22000,Si,80,adidas|2.0 ultimashow
59990,"38.5, 39, 39.5, 40, 40.5, 41, 41.5, 42, 42.5, 43, 43.5, 44",35990,Zapatilla Hombre Eclyptix 2000,https://www.falabella.com/falabella-cl/product/155806948/zapatilla-adidas-hombre-zapatillas-eclyptix-2000-gris,2026-10-04,Falabella,ADIDAS,40,No,Adidas,155806948,https://media.falabella.com/falabellaCL/155806970_01/public,Si,2026-10-05T20:17:50,35990,2026-10-05,41990,-6000,Si,1,adidas|2000 eclyptix
39990,"39, 40, 40.5, 41, 41.5, 42, 42.5, 43, 43.5, 44",23990,Zapatos Deportivo III Multiterreno,https://www.falabella.com/falabella-cl/product/133085848/Zapatos-Deportivo-III-Multiterreno,2026-09-29,Falabella,ADIDAS,40,No,Adidas,133085848,https://media.falabella.com/falabellaCL/133085854_01/public,Si,2026-10-05T20:17:50,23990,2026-10-05,27990,-4000,Si,6,adidas|iii multiterreno
112990,s/info,69990,Air Winflo 12 Zapatilla Running Hombre Amarillo,https://www.falabella.com/falabella-cl/product/80739862/air-winflo-12-zapatilla-running-hombre-amarillo-nike,2026-07-09,Falabella,NIKE,38,No,Falabella,80739862,https://media.falabella.com/falabellaCL/80740121_1/public,Si,2026-10-05T20:17:50,69990,2026-10-05,78990,-9000,Si,88,nike|12 air winflo
49990,s/info,33990,Response Runner 2 Zapatilla Running Hombre Negro,https://www.falabella.com/falabella-cl/product/80659311/response-runner-2-zapatilla-running-hombre-negro-adidas,2026-07-30,Falabella,ADIDAS,32,No,Falabella,80659311,https://media.falabella.com/falabellaCL/80659474_1/public,Si,2026-10-05T20:17:50,33990,2026-10-05,34990,-1000,Si,67,adidas|2 response runner
49990,s/info,33990,Runblaze Zapatilla Running Hombre Negro,https://www.falabella.com/falabella-cl/product/80659344/Runblaze-Zapatilla-Running-Hombre-Negro-Adidas,2026-07-30,Falabella,ADIDAS,32,No,Falabella,80659344,https://media.falabella.com/falabellaCL/80659741_1/public,Si,2026-10-05T20:17:50,33990,2026-10-05,34990,-1000,Si,67,adidas|runblaze
49990,s/info,33990,Runblaze Zapatilla Running Hombre Azul,https://www.falabella.com/falabella-cl/product/80512552/runblaze-zapatilla-running-hombre-azul-adidas,2026-07-20,Falabella,ADIDAS,32,No,Falabella,80512552,https://media.falabella.com/falabellaCL/80513143_1/public,Si,2026-10-05T20:17:50,33990,2026-10-05,34990,-1000,Si,77,adidas|runblaze
74990,s/info,51990,Court Vision Zapatilla Urbana Hombre Negro,https://www.falabella.com/falabella-cl/product/80052246/court-vision-zapatilla-urbana-hombre-negro-nike,2026-07-02,Falabella,NIKE,31,No,Falabella,80052246,https://media.falabella.com/falabellaCL/80052254_1/public,Si,2026-10-05T20:17:50,51990,2026-07-08,74990,-23000,Si,95,nike|court vision
106990,s/info,73990,Air Zoom Upturn Zapatilla Urbana Hombre Negro,https://www.falabella.com/falabella-cl/product/80789726/air-zoom-upturn-zapatilla-urbana-hombre-negro-nike,2026-08-14,Falabella,NIKE,31,No,Falabella,80789726,https://media.falabella.com/falabellaCL/80790010_1/public,Si,2026-10-05T20:17:50,73990,2026-10-05,106990,-33000,Si,52,nike|air upturn zoom
116990,s/info,80990,Air Max Fire Zapatilla Urbana Hombre Negro,https://www.falabella.com/falabella-cl/product/80789740/air-max-fire-zapatilla-urbana-hombre-negro-nike,2026-09-03,Falabella,NIKE,31,No,Falabella,80789740,https://media.falabella.com/falabellaCL/80790148_1/public,Si,2026-10-05T20:17:50,80990,2026-10-05,116990,-36000,Si,32,nike|air fire max
56990,s/info,39990,Run Defy Zapatilla Running Hombre,https://www.falabella.com/falabella-cl/product/80138608/run-defy-zapatilla-running-hombre-nike,2026-07-04,Falabella,NIKE,30,No,Falabella,80138608,https://media.falabella.com/falabellaCL/80138751_1/public,Si,2026-10-05T20:17:50,39990,2026-10-05,56990,-17000,Si,93,nike|defy run
99990,s/info,69990,Samba OG Zapatilla Urbana Unisex Cuero Negro,https://www.falabella.com/falabella-cl/product/80504556/Samba-OG-Zapatilla-Urbana-Mujer-Cuero-Negro-Adidas-Originals,2026-08-24,Falabella,ADIDAS ORIGINALS,30,No,Falabella,80504556,https://media.falabella.com/falabellaCL/80504859_1/public,Si,2026-10-05T20:17:50,69990,2026-10-05,99990,-30000,Si,42,adidas originals|cuero og samba
59990,s/info,41990,Terrex Anylander Zapatilla Outdoor Hombre Café,https://www.falabella.com/falabella-cl/product/80512523/terrex-anylander-zapatilla-outdoor-y-trekking-hombre-cafe-adidas,2026-08-09,Falabella,ADIDAS,30,No,Falabella,80512523,https://media.falabella.com/falabellaCL/80512882_1/public,Si,2026-10-05T20:17:50,41990,2026-10-05,59990,-18000,Si,57,adidas|anylander outdoor terrex
69990,s/info,49990,Uplift Sc Zapatilla Urbana Hombre Blanco,https://www.falabella.com/falabella-cl/product/80541486/Uplift-Sc-Zapatilla-Urbana-Hombre-Blanco-Nike,2026-08-21,Falabella,NIKE,29,No,Falabella,80541486,https://media.falabella.com/falabellaCL/80542211_1/public,Si,2026-10-05T20:17:50,49990,2026-10-05,69990,-20000,Si,45,nike|sc uplift
54990,"39, 39.5, 40, 40.5, 41, 41.5, 42, 42.5, 43, 43.5, 44, 46",38990,Zapatillas de Running Galaxy 7,https://www.falabella.com/falabella-cl/product/132184620/Zapatillas-de-Running-Galaxy-7,2026-07-20,Falabella,ADIDAS,29,No,Adidas,132184620,https://media.falabella.com/falabellaCL/132230605_01/public,Si,2026-10-05T20:17:50,38990,2026-10-05,43990,-5000,Si,77,adidas|7 galaxy
82990,s/info,59990,Court Vision Zapatilla Urbana Hombre Café,https://www.falabella.com/falabella-cl/product/80789719/court-vision-zapatilla-urbana-hombre-cafe-nike,2026-08-22,Falabella,NIKE,28,No,Falabella,80789719,https://media.falabella.com/falabellaCL/80789928_1/public,Si,2026-10-05T20:17:50,59990,2026-10-05,82990,-23000,Si,44,nike|court vision
74990,s/info,54990,Court Vision Zapatilla Urbana Hombre Gris,https://www.falabella.com/falabella-cl/product/80052247/court-vision-zapatilla-urbana-hombre-gris-nike,2026-07-02,Falabella,NIKE,27,No,Falabella,80052247,https://media.falabella.com/falabellaCL/80052265_1/public,Si,2026-10-05T20:17:50,54990,2026-10-05,74990,-20000,Si,95,nike|court vision
99990,s/info,74990,Air Max Invigor Zapatilla Urbana Hombre Negro,https://www.falabella.com/falabella-cl/product/80789714/air-max-invigor-zapatilla-urbana-hombre-negro-nike,2026-09-08,Falabella,NIKE,25,No,Falabella,80789714,https://media.falabella.com/falabellaCL/80789866_1/public,Si,2026-10-05T20:17:50,74990,2026-10-05,99990,-25000,Si,27,nike|air invigor max
99990,s/info,74990,Reax 8 Nssl Zapatilla Urbana Hombre Negro,https://www.falabella.com/falabella-cl/product/80739870/reax-8-nssl-zapatilla-urbana-hombre-negro-nike,2026-07-02,Falabella,NIKE,25,No,Falabella,80739870,https://media.falabella.com/falabellaCL/80740193_1/public,Si,2026-10-05T20:17:50,74990,2026-10-05,99990,-25000,Si,95,nike|8 nssl reax
64990,s/info,49990,Downshifter 14 Zapatilla Running Hombre Negro,https://www.falabella.com/falabella-cl/product/80680972/downshifter-14-zapatilla-running-hombre-negro-nike,2026-07-02,Falabella,NIKE,23,No,Falabella,80680972,https://media.falabella.com/falabellaCL/80681117_1/public,Si,2026-10-05T20:17:50,49990,2026-10-05,64990,-15000,Si,95,nike|14 downshifter
99990,s/info,78990,Reax 8 NSW SL Zapatilla Urbana Hombre Negro,https://www.falabella.com/falabella-cl/product/80789705/reax-8-nsw-sl-zapatilla-urbana-hombre-negro-nike,2026-08-06,Falabella,NIKE,21,No,Falabella,80789705,https://media.falabella.com/falabellaCL/80789782_1/public,Si,2026-10-05T20:17:50,78990,2026-10-05,99990,-21000,Si,60,nike|8 nsw reax sl
62990,s/info,49990,Revolution 8 Zapatilla Running Hombre Negro,https://www.falabella.com/falabella-cl/product/80789738/revolution-8-zapatilla-running-hombre-negro-nike,2026-08-22,Falabella,NIKE,21,No,Falabella,80789738,https://media.falabella.com/falabellaCL/80790125_1/public,Si,2026-10-05T20:17:50,49990,2026-10-05,62990,-13000,Si,44,nike|8 revolution
69990,s/info,54990,Uplift SC Zapatilla Urbana Hombre Negro,https://www.falabella.com/falabella-cl/product/80138489/uplift-sc-zapatilla-urbana-hombre-negro-nike,2026-09-26,Falabella,NIKE,21,No,Falabella,80138489,https://media.falabella.com/falabellaCL/80138592_1/public,Si,2026-10-05T20:17:50,54990,2026-10-05,69990,-15000,Si,9,nike|sc uplift
62990,s/info,49990,Revolution 8 Zapatilla Running Hombre,https://www.falabella.com/falabella-cl/product/80138629/revolution-8-zapatilla-running-hombre-nike,2026-07-13,Falabella,NIKE,21,No,Falabella,80138629,https://media.falabella.com/falabellaCL/17514636_1/public,Si,2026-10-05T20:17:50,49990,2026-10-05,62990,-13000,Si,84,nike|8 revolution
74990,s/info,59990,Court Vision Low Next Nature Zapatilla Urbana Hombre Blanco,https://www.falabella.com/falabella-cl/product/15313419/court-vision-low-next-nature-zapatilla-urbana-hombre-blanco-nike,2026-07-17,Falabella,NIKE,20,No,Falabella,15313419,https://media.falabella.com/falabellaCL/15313426_1/public,Si,2026-10-05T20:17:50,59990,2026-10-05,74990,-15000,Si,80,nike|court low nature next vision
79990,s/info,63990,Dropset Control Trainer Zapatilla Training Y Gimnasio Hombre Gris,https://www.falabella.com/falabella-cl/product/80760612/dropset-control-trainer-zapatilla-training-y-gimnasio-hombre-gris-adidas,2026-08-20,Falabella,ADIDAS,20,No,Falabella,80760612,https://media.falabella.com/falabellaCL/80760782_1/public,Si,2026-10-05T20:17:50,63990,2026-10-05,79990,-16000,Si,46,adidas|control dropset gimnasio trainer
69990,s/info,55990,Terrex Anylander Mid Zapatilla Outdoor Hombre Negro,https://www.falabella.com/falabella-cl/product/80374569/terrex-anylander-zapatilla-outdoor-hombre-negro-adidas,2026-08-05,Falabella,ADIDAS,20,No,Falabella,80374569,https://media.falabella.com/falabellaCL/80374642_1/public,Si,2026-10-05T20:17:50,55990,2026-10-05,69990,-14000,Si,61,adidas|anylander mid outdoor terrex
84990,s/info,67990,GC Alpha SK8 Zapatilla Urbana Hombre Cuero Negro,https://www.falabella.com/falabella-cl/product/80659351/gc-alpha-sk8-zapatilla-urbana-hombre-cuero-negro-adidas,2026-08-25,Falabella,ADIDAS,20,No,Falabella,80659351,https://media.falabella.com/falabellaCL/80659801_1/public,Si,2026-10-05T20:17:50,67990,2026-10-05,79990,-12000,Si,41,adidas|alpha cuero gc sk8
89990,s/info,71990,Drop Step Low 2.0 Zapatilla Urbana Unisex Adulto Cuero Verde,https://www.falabella.com/falabella-cl/product/80762089/drop-step-low-2-0-zapatilla-urbana-unisex-adulto-cuero-verde-adidas-originals,2026-09-24,Falabella,ADIDAS ORIGINALS,20,No,Falabella,80762089,https://media.falabella.com/falabellaCL/80762141_1/public,Si,2026-10-05T20:17:50,71990,2026-10-05,89990,-18000,Si,11,adidas originals|2.0 adulto cuero drop low step
79990,"39, 40, 40.5, 41, 41.5, 43.5",35990,Zapatilla Urbana Hombre Grand Court Alpha 00S Cuero,https://www.falabella.com/falabella-cl/product/140528572/Zapatillas-Grand-Court-Alpha-00s,2026-10-05,Falabella,ADIDAS,55,No,Adidas,140528572,https://media.falabella.com/falabellaCL/140529750_01/public,Si,2026-10-05T20:17:50,35990,2026-10-05,,,No,0,adidas|00s alpha court cuero grand
59990,"39, 39.5, 40, 40.5, 41, 41.5, 42, 42.5, 43, 43.5, 44",26990,Zapatilla Running Hombre Galaxy Star 2.0 M,https://www.falabella.com/falabella-cl/product/144198321/Zapatillas-Galaxy-Star-2.0-M,2026-10-05,Falabella,ADIDAS,55,No,Adidas,144198321,https://media.falabella.com/falabellaCL/145828172_01/public,Si,2026-10-05T20:17:50,26990,2026-10-05,,,No,0,adidas|2.0 galaxy star
59990,"39, 39.5, 40, 40.5, 41, 41.5, 42, 42.5, 43, 43.5",26990,Zapatilla Running Hombre Runfalcon 3.0,https://www.falabella.com/falabella-cl/product/122293716/Zapatillas-Runfalcon-2.0,2026-10-05,Falabella,ADIDAS,55,No,Adidas,122293716,https://media.falabella.com/falabellaCL/122293717_01/public,Si,2026-10-05T20:17:50,26990,2026-10-05,,,No,0,adidas|3.0 runfalcon
59990,s/info,27990,Runfalcon 5 Zapatilla Running Hombre Negro,https://www.falabella.com/falabella-cl/product/80397735/Runfalcon-5-Zapatilla-Running-Hombre-Negro-Adidas,2026-10-05,Falabella,ADIDAS,53,No,Falabella,80397735,https://media.falabella.com/falabellaCL/80397814_1/public,Si,2026-10-05T20:17:50,27990,2026-10-05,,,No,0,adidas|5 runfalcon
54990,s/info,26990,Daily 4.0 Zapatilla Urbana Hombre Negro,https://www.falabella.com/falabella-cl/product/80058783/Daily-4.0-Zapatilla-Urbana-Hombre-Negro-Adidas,2026-10-05,Falabella,ADIDAS,51,No,Falabella,80058783,https://media.falabella.com/falabellaCL/80058343_1/public,Si,2026-10-05T20:17:50,26990,2026-10-05,,,No,0,adidas|4.0 daily
54990,"39, 39.5, 40, 40.5, 41, 41.5, 42, 42.5, 43.5",26990,Zapatilla Running Hombre Runfalcon,https://www.falabella.com/falabella-cl/product/149901317/zapatillas-running-runfalcon-hombre,2026-10-05,Falabella,ADIDAS,51,No,Adidas,149901317,https://media.falabella.com/falabellaCL/149917060_01/public,Si,2026-10-05T20:17:50,26990,2026-10-05,,,No,0,adidas|runfalcon
59990,s/info,29990,Daily 4.0 Zapatilla Urbana Hombre Blanco,https://www.falabella.com/falabella-cl/product/80512508/Daily-4.0-Zapatilla-Urbana-Hombre-Blanco-Adidas,2026-10-05,Falabella,ADIDAS,50,No,Falabella,80512508,https://media.falabella.com/falabellaCL/80512749_1/public,Si,2026-10-05T20:17:50,29990,2026-10-05,,,No,0,adidas|4.0 daily
112990,s/info,55990,Lebron Witness Ix Zapatilla Básquetbol Hombre Burdeo,https://www.falabella.com/falabella-cl/product/80722042/lebron-witness-ix-zapatilla-basquetbol-hombre-burdeo-nike,2026-10-05,Falabella,NIKE,50,No,Falabella,80722042,https://media.falabella.com/falabellaCL/80722044_1/public,Si,2026-10-05T20:17:50,55990,2026-10-05,,,No,0,nike|basquetbol burdeo ix lebron witness
79990,s/info,39990,Grand Court Alpha Zapatilla Urbana Hombre Cuero Azul,https://www.falabella.com/falabella-cl/product/80512556/Grand-Court-Alpha-Zapatilla-Urbana-Hombre-Cuero-Azul-Adidas,2026-10-05,Falabella,ADIDAS,50,No,Falabella,80512556,https://media.falabella.com/falabellaCL/80513178_1/public,Si,2026-10-05T20:17:50,39990,2026-10-05,,,No,0,adidas|alpha court cuero grand
69990,s/info,39990,Uplift Zapatilla Urbana Hombre Negro,https://www.falabella.com/falabella-cl/product/80789748/uplift-zapatilla-urbana-hombre-negro-nike,2026-10-05,Falabella,NIKE,43,No,Falabella,80789748,https://media.falabella.com/falabellaCL/80790227_1/public,Si,2026-10-05T20:17:50,39990,2026-10-05,,,No,0,nike|uplift
112990,s/info,67990,Lebron Witness IX Zapatilla Básquetbol Hombre Amarillo,https://www.falabella.com/falabella-cl/product/80722043/lebron-witness-ix-zapatilla-basquetbol-hombre-amarillo-nike,2026-07-02,Falabella,NIKE,40,No,Falabella,80722043,https://media.falabella.com/falabellaCL/80722059_1/public,Si,2026-10-05T20:17:50,55990,2026-08-29,78990,-11000,No,95,nike|basquetbol ix lebron witness
69990,"37, 37.5, 39, 39.5, 40, 40.5, 41, 41.5, 42, 42.5, 43, 43.5",41990,Zapatilla Hombre GRAND COURT 3.0,https://www.falabella.com/falabella-cl/product/150558940/zapatillas-urbano-grand-court-hombre,2026-07-31,Falabella,ADIDAS,40,No,Adidas,150558940,https://media.falabella.com/falabellaCL/150558941_01/public,Si,2026-10-05T20:17:50,37990,2026-08-01,48990,-7000,No,66,adidas|3.0 court grand
69990,s/info,41990,VL Court 3.0 Zapatilla Urbana Hombre Cuero Negro,https://www.falabella.com/falabella-cl/product/80659346/Vl-Court-3.0-Zapatilla-Urbana-Hombre-Cuero-Negro-Adidas,2026-08-01,Falabella,ADIDAS,40,No,Falabella,80659346,https://media.falabella.com/falabellaCL/80659760_1/public,Si,2026-10-05T20:17:50,39990,2026-08-01,48990,-7000,No,65,adidas|3.0 court cuero vl
74990,s/info,44990,Court Vision Lo V2 Zapatilla Urbana Hombre Blanco,https://www.falabella.com/falabella-cl/product/80837218/court-vision-lo-v2-zapatilla-urbana-hombre-blanco-nike,2026-10-05,Falabella,NIKE,40,No,Falabella,80837218,https://media.falabella.com/falabellaCL/80837267_1/public,Si,2026-10-05T20:17:50,44990,2026-10-05,,,No,0,nike|court lo v2 vision
74990,s/info,44990,Court Vision Lo Zapatilla Urbana Hombre Verde,https://www.falabella.com/falabella-cl/product/80837219/court-vision-lo-zapatilla-urbana-hombre-verde-nike,2026-10-05,Falabella,NIKE,40,No,Falabella,80837219,https://media.falabella.com/falabellaCL/80837273_1/public,Si,2026-10-05T20:17:50,44990,2026-10-05,,,No,0,nike|court lo vision
56990,s/info,34990,Run Defy Zapatilla Running Hombre Blanco,https://www.falabella.com/falabella-cl/product/80739836/run-defy-zapatilla-running-hombre-blanco-nike,2026-07-04,Falabella,NIKE,39,No,Falabella,80739836,https://media.falabella.com/falabellaCL/80739890_1/public,Si,2026-10-05T20:17:50,33990,2026-08-01,39990,-5000,No,93,nike|defy run
99990,s/info,64990,Air Max Bia Zapatilla Urbana Hombre Blanco,https://www.falabella.com/falabella-cl/product/80739859/air-max-bia-zapatilla-urbana-hombre-blanco-nike,2026-07-20,Falabella,NIKE,35,No,Falabella,80739859,https://media.falabella.com/falabellaCL/80740097_1/public,Si,2026-10-05T20:17:50,59990,2026-08-01,69990,-5000,No,77,nike|air bia max
49990,s/info,33990,Response Runner 2 Zapatilla Running Hombre Azul,https://www.falabella.com/falabella-cl/product/80659363/response-runner-2-zapatilla-running-hombre-azul-adidas,2026-07-09,Falabella,ADIDAS,32,No,Falabella,80659363,https://media.falabella.com/falabellaCL/80659901_1/public,Si,2026-10-05T20:17:50,29990,2026-07-31,34990,-1000,No,88,adidas|2 response runner
54990,s/info,37990,Galaxy 7 M Zapatilla Running Hombre Negro,https://www.falabella.com/falabella-cl/product/80058198/galaxy-7-m-zapatilla-running-hombre-negro-adidas,2026-07-30,Falabella,ADIDAS,31,No,Falabella,80058198,https://media.falabella.com/falabellaCL/80058880_1/public,Si,2026-10-05T20:17:50,32990,2026-07-31,54990,-17000,No,67,adidas|7 galaxy
99990,s/info,69990,Reax 8 Nssl Zapatilla Urbana Hombre Café,https://www.falabella.com/falabella-cl/product/80739874/reax-8-nssl-zapatilla-urbana-hombre-cafe-nike,2026-07-30,Falabella,NIKE,30,No,Falabella,80739874,https://media.falabella.com/falabellaCL/80740231_1/public,Si,2026-10-05T20:17:50,59990,2026-08-01,99990,-30000,No,67,nike|8 nssl reax
89990,s/info,62990,Giannis Immortality 5 Zapatilla Básquetbol Hombre Amarillo,https://www.falabella.com/falabella-cl/product/80739864/giannis-immortality-5-zapatilla-basquetbol-hombre-amarillo-nike,2026-07-23,Falabella,NIKE,30,No,Falabella,80739864,https://media.falabella.com/falabellaCL/80740143_1/public,Si,2026-10-05T20:17:50,44990,2026-08-01,44990,18000,No,74,nike|5 basquetbol giannis immortality
99990,s/info,69990,Campus 00S Zapatilla Urbana Hombre Cuero Gris,https://www.falabella.com/falabella-cl/product/80659930/campus-00s-zapatilla-urbana-hombre-cuero-gris-adidas-originals,2026-07-31,Falabella,ADIDAS ORIGINALS,30,No,Falabella,80659930,https://media.falabella.com/falabellaCL/80659975_1/public,Si,2026-10-05T20:17:50,59990,2026-07-31,59990,10000,No,66,adidas originals|00s campus cuero
69990,s/info,48990,VL Court 3.0 Zapatilla Urbana Hombre Blanco,https://www.falabella.com/falabella-cl/product/50348547/Vl-Court-3.0-Zapatilla-Urbana-Hombre-Blanco-Adidas,2026-07-07,Falabella,ADIDAS,30,No,Falabella,50348547,https://media.falabella.com/falabellaCL/50348549_01/public,Si,2026-10-05T20:17:50,34990,2026-07-07,69990,-21000,No,90,adidas|3.0 court vl
74990,"5 US, 10.5 US, 36, 36.5, 37.5, 38, 38.5, 39, 39.5, 40, 40.5, 41, 41.5, 42, 43, 43.5, 44",52990,Zapatilla Barreda Decode,https://www.falabella.com/falabella-cl/product/140672828/Zapatilla-Barreda-Decode,2026-10-05,Falabella,ADIDAS,29,No,Adidas,140672828,https://media.falabella.com/falabellaCL/140672832_01/public,Si,2026-10-05T20:17:50,52990,2026-10-05,,,No,0,adidas|barreda decode
122990,s/info,122990,Air Force 1 07 Zapatilla Urbana Hombre Cuero Blanco,https://www.falabella.com/falabella-cl/product/14853402/air-force-1-07-zapatilla-urbana-hombre-cuero-blanco-nike,2026-07-02,Falabella,NIKE,,No,Falabella,14853402,https://media.falabella.com/falabellaCL/14853407_1/public,Si,2026-10-05T20:17:50,122990,2026-07-02,,,No,95,nike|07 1 air cuero force
122990,s/info,122990,Air Force 1 07 Zapatilla Urbana Hombre Cuero Negro,https://www.falabella.com/falabella-cl/product/14794383/air-force-1-07-zapatilla-urbana-hombre-cuero-negro-nike,2026-07-02,Falabella,NIKE,,No,Falabella,14794383,https://media.falabella.com/falabellaCL/14794393_1/public,Si,2026-10-05T20:17:50,122990,2026-07-02,,,No,95,nike|07 1 air cuero force
132990,s/info,132990,Air Force 1 07 Low Lv8 Summer Zapatilla Urbana Hombre Cuero Café,https://www.falabella.com/falabella-cl/product/80789720/air-force-1-07-low-lv8-summer-zapatilla-urbana-hombre-cuero-cafe-nike,2026-09-16,Falabella,NIKE,,No,Falabella,80789720,https://media.falabella.com/falabellaCL/80789939_1/public,Si,2026-10-05T20:17:50,132990,2026-09-16,,,No,19,nike|07 1 air cuero force low lv8 summer
89990,s/info,89990,SL 72 RS Audi Zapatilla Urbana Hombre Cuero Negro,https://www.falabella.com/falabella-cl/product/80762092/sl-72-rs-audi-zapatilla-urbana-hombre-cuero-negro-adidas,2026-08-22,Falabella,ADIDAS,,No,Falabella,80762092,https://media.falabella.com/falabellaCL/80762176_1/public,Si,2026-10-05T20:17:50,89990,2026-08-22,,,No,44,adidas|72 audi cuero rs sl
99990,s/info,99990,Samba OG Zapatilla Urbana Mujer Cuero Blanco,https://www.falabella.com/falabella-cl/product/80505548/Samba-OG-Zapatilla-Urbana-Mujer-Cuero-Blanco-Adidas-Originals,2026-07-02,Falabella,ADIDAS ORIGINALS,,No,Falabella,80505548,https://media.falabella.com/falabellaCL/80505554_1/public,Si,2026-10-05T20:17:50,99990,2026-07-02,,,No,95,adidas originals|cuero og samba
102990,"40, 40.5, 41, 41.5, 42, 43, 44",102990,Zapatilla Air Monarch IV Blanco Hombre,https://www.falabella.com/falabella-cl/product/150465319/zapatilla-nike-air-monarch-iv-blanco-hombre,2026-10-05,Falabella,NIKE,,No,Tienda Oficial Nike,150465319,https://media.falabella.com/falabellaCL/150465321_01/public,Si,2026-10-05T20:17:50,102990,2026-10-05,,,No,0,nike|air iv monarch
